{
  "fx": 703.8795182082683,
  "fy": 708.5001381145737,
  "cx": 365.4969473029388,
  "cy": 282.03183779480617,
  "dist": [[0.0018933643171327986, -0.06719050976947925, 0.004281712347417832, 0.002926129898544697, -0.05283911946107394]]
}
