{
  "fx": 533.7164239663027,
  "fy": 552.447090080437,
  "cx": 318.1255522475803,
  "cy": 339.56299598993127,
  "dist": [[-0.21620424823127846, 1.8811788647155707, 0.002750017317299003, 0.012897399795995886, -4.3971665604532575]]
}
